<!DOCTYPE hibernate-configuration PUBLIC
        "-//Hibernate/Hibernate Configuration DTD 3.0//EN"
        "http://www.hibernate.org/dtd/hibernate-configuration-3.0.dtd">
<hibernate-configuration>
    <session-factory>
        <property name="connection.driver_class">org.postgresql.Driver</property>
        <!-- JDBC Database connection settings postgres local -->
        <property name="connection.url">
            jdbc:postgresql://ec2-52-44-46-66.compute-1.amazonaws.com:5432/d466lq9hjvrou3
        </property>
        <property name="connection.username">umzbbpdnicjcow</property>
        <property name="connection.password">c3016352251abc28bcecf934e6b29ec32b531f5af06b21d154f52392cbc7f95d</property>
        
        <!-- JDBC connection pool settings ... using built-in test pool -->
        <property name="connection.pool_size">1</property>
        <!-- Select our SQL dialect -->
        <property name="dialect">org.hibernate.dialect.PostgreSQLDialect</property>
        <!-- Echo the SQL to stdout -->
        <property name="show_sql">true</property>
        <!-- Set the current session context -->
        <property name="current_session_context_class">thread</property>
        <!-- Drop and re-create the database schema on startup -->
        <property name="hbm2ddl.auto">update</property>
        <!-- dbcp connection pool configuration -->
        <property name="hibernate.dbcp.initialSize">5</property>
        <property name="hibernate.dbcp.maxTotal">20</property>
        <property name="hibernate.dbcp.maxIdle">10</property>
        <property name="hibernate.dbcp.minIdle">5</property>
        <property name="hibernate.dbcp.maxWaitMillis">-1</property>
         

        <mapping class="com.ipn.mx.modelo.entidades.Acceso"/>
        <mapping class="com.ipn.mx.modelo.entidades.Categoria"/>
        <mapping class="com.ipn.mx.modelo.entidades.Cuenta"/>
        <mapping class="com.ipn.mx.modelo.entidades.Envio"/>
        <mapping class="com.ipn.mx.modelo.entidades.Pedido"/>
        <mapping class="com.ipn.mx.modelo.entidades.Personal"/>
        <mapping class="com.ipn.mx.modelo.entidades.Platillo"/>
        <mapping class="com.ipn.mx.modelo.entidades.Puesto"/>
        
    </session-factory>
</hibernate-configuration>
